Date,Opponent,Result,MP,FGM,FGA,3FG,3FGA,FT,FTA,PTS,ORebs,DRebs,Tot Reb,AST,TO,STL,BLK,Fouls,DQ,Tech Fouls
Gonzaga (5-1),11/04/2024,Baylor,W 101-63,200:00,40,71,13,31,8,13,101,17,29,46,24,11,8,3,18,
Gonzaga (5-1),11/10/2024,Arizona St.,W 88-80,200:00,31,62,8,24,18,22,88,10,28,38,22,8,8,1,10,
Gonzaga (5-1),11/15/2024,UMass Lowell,W 113-54,200:00,41,76,10,22,21,27,113/,14,32,46,21,9,16,7,20,
Gonzaga (5-1),11/18/2024,@ San Diego St.,W 80-67,200:00,24,57,5,20,27,31,80,12,27,39,14,8,6,2,21,
Gonzaga (5-1),11/20/2024,Long Beach St.,W 84-41,200:00,29,63,9,27,17,24,84,15,29,44,14,4,7,2,15,
Gonzaga (5-1),11/27/2024,"West Virginia
@Paradise Island, Bahamas (2024-25 MBB Battle 4 Atlantis)",L 78-86 (1 OT),225:00,26,65,7,21,19,22,78,11,25,36,20,13,7,3,18,
Gonzaga (5-1),11/28/2024,"Indiana
@Paradise Island, Bahamas (2024-25 MBB Battle 4 Atlantis)",W 89-73,200:00,31,64,6,20,21,22,89,13,29,42,20,13,9,2,22,
Gonzaga (5-1),11/29/2024,"Davidson
@Paradise Island, Bahamas (2024-25 MBB Battle 4 Atlantis)",W 90-65,200:00,35,64,6,16,14,15,90,8,32,40,24,9,7,3,16,
Gonzaga (5-1),12/07/2024,"Kentucky
@Seattle, WA",L 89-90 (1 OT),225:00,33,71,6,27,17,24,89,15,27,42,17,6,2,2,15,
Gonzaga (5-1),12/14/2024,"UConn
@New York City, NY (2024-25 MBB Hall of Fame Series - NYC)",L 71-77,200:00,25,57,6,16,15,19,71,8,26,34,13,10,4,3,17,
Gonzaga (5-1),12/18/2024 09:00 PM,Nicholls,,,,,,,,,,,,,,,,,,
Gonzaga (5-1),12/21/2024 09:00 PM,Bucknell,,,,,,,,,,,,,,,,,,
Gonzaga (5-1),12/28/2024 08:00 PM,"UCLA
@Inglewood, CA (2024-25 MBB West Coast Hoops Showdown)",,,,,,,,,,,,,,,,,,
Gonzaga (5-1),12/30/2024 10:00 PM,@ Pepperdine,,,,,,,,,,,,,,,,,,
Gonzaga (5-1),01/02/2025 09:00 PM,Portland,,,,,,,,,,,,,,,,,,
Gonzaga (5-1),01/04/2025 TBA,@ LMU (CA),,,,,,,,,,,,,,,,,,
Gonzaga (5-1),01/08/2025 09:00 PM,San Diego,,,,,,,,,,,,,,,,,,
Gonzaga (5-1),01/11/2025 09:00 PM,Washington St.,,,,,,,,,,,,,,,,,,
Gonzaga (5-1),01/16/2025 TBA,@ Oregon St.,,,,,,,,,,,,,,,,,,
Gonzaga (5-1),01/18/2025 09:00 PM,Santa Clara,,,,,,,,,,,,,,,,,,
Gonzaga (5-1),01/25/2025 08:00 PM,@ Portland,,,,,,,,,,,,,,,,,,
Gonzaga (5-1),01/28/2025 11:00 PM,Oregon St.,,,,,,,,,,,,,,,,,,
Gonzaga (5-1),02/01/2025 TBA,@ Saint Mary's (CA),,,,,,,,,,,,,,,,,,
Gonzaga (5-1),02/06/2025 09:00 PM,LMU (CA),,,,,,,,,,,,,,,,,,
Gonzaga (5-1),02/08/2025 TBA,@ Pacific,,,,,,,,,,,,,,,,,,
Gonzaga (5-1),02/13/2025 11:00 PM,San Francisco,,,,,,,,,,,,,,,,,,
Gonzaga (5-1),02/15/2025 09:00 PM,Pepperdine,,,,,,,,,,,,,,,,,,
Gonzaga (5-1),02/19/2025 09:00 PM,@ Washington St.,,,,,,,,,,,,,,,,,,
Gonzaga (5-1),02/22/2025 TBA,Saint Mary's (CA),,,,,,,,,,,,,,,,,,
Gonzaga (5-1),02/27/2025 TBA,@ Santa Clara,,,,,,,,,,,,,,,,,,
Gonzaga (5-1),03/01/2025 TBA,@ San Francisco,,,,,,,,,,,,,,,,,,
Gonzaga (5-1),Totals,2050:00,315,650,76,224,177,219,883,123,284,407,189,91,74,28,172,,,MISSING
Gonzaga (5-1),Defensive Totals,2050:00,249,602,58,237,140,184,696,90,238,328,120,124,47,45,188,3,2,MISSING
Auburn (7-0),11/06/2024,Vermont,W 94-43,200:00,36,64,16,35,6,11,94,8,35,43,15,9,10,7,15,1
Auburn (7-0),11/09/2024,"Houston
@Houston, TX (2024-25 MBB The Battleground 2k)",W 74-69,200:00,27,51,7,23,13,19,74,11,22,33,14,12,6,7,21,
Auburn (7-0),11/13/2024,Kent St.,W 79-56,200:00,28,57,6,24,17,22,79,11,30,41,23,6,3,6,12,
Auburn (7-0),11/18/2024,North Ala.,W 102-69,200:00,39,63,12,27,12,17,102,8,27,35,25,11,6,6,12,
Auburn (7-0),11/25/2024,"Iowa St.
@Lahaina, HI (2024-25 MBB Maui Invitational)",W 83-81,200:00,28,59,9,27,18,22,83,10,25,35,14,12,7,4,23,
Auburn (7-0),11/26/2024,"North Carolina
@Lahaina, HI (2024-25 MBB Maui Invitational)",W 85-72,200:00,30,69,11,30,14,17,85,11,31,42,15,8,7,7,22,
Auburn (7-0),11/27/2024,"Memphis
@Lahaina, HI (2024-25 MBB Maui Invitational)",W 90-76,200:00,34,60,8,24,14,17,90,11,21,32,23,9,6,5,17,
Auburn (7-0),12/04/2024,@ Duke,L 78-84,200:00,29,64,10,25,10,12,78,15,24,39,17,8,4,3,20,1
Auburn (7-0),12/08/2024,Richmond,W 98-54,200:00,33,69,13,30,19,27,98,15,34,49,23,7,10,5,14,
Auburn (7-0),12/14/2024,"Ohio St.
@Atlanta, GA (2024-25 MBB Holiday Hoopsgiving)",W 91-53,200:00,33,72,13,30,12,14,91,16,33,49,18,5,4,13,17,
Auburn (7-0),12/17/2024,Georgia St.,W 100-59,200:00,35,61,9,25,21,26,100,10,24,34,19,11,11,9,20,
Auburn (7-0),12/21/2024 04:30 PM,"Purdue
@Birmingham, AL",,,,,,,,,,,,,,,,,,
Auburn (7-0),12/30/2024 TBA,Monmouth,,,,,,,,,,,,,,,,,,
Auburn (7-0),01/04/2025 TBA,Missouri,,,,,,,,,,,,,,,,,,
Auburn (7-0),01/07/2025 09:00 PM,@ Texas,,,,,,,,,,,,,,,,,,
Auburn (7-0),01/11/2025 01:00 PM,@ South Carolina,,,,,,,,,,,,,,,,,,
Auburn (7-0),01/14/2025 TBA,Mississippi St.,,,,,,,,,,,,,,,,,,
Auburn (7-0),01/18/2025 01:00 PM,@ Georgia,,,,,,,,,,,,,,,,,,
Auburn (7-0),01/25/2025 TBA,Tennessee,,,,,,,,,,,,,,,,,,
Auburn (7-0),01/29/2025 07:00 PM,@ LSU,,,,,,,,,,,,,,,,,,
Auburn (7-0),02/01/2025 TBA,@ Ole Miss,,,,,,,,,,,,,,,,,,
Auburn (7-0),02/04/2025 TBA,Oklahoma,,,,,,,,,,,,,,,,,,
Auburn (7-0),02/08/2025 TBA,Florida,,,,,,,,,,,,,,,,,,
Auburn (7-0),02/11/2025 07:00 PM,@ Vanderbilt,,,,,,,,,,,,,,,,,,
Auburn (7-0),02/15/2025 TBA,@ Alabama,,,,,,,,,,,,,,,,,,
Auburn (7-0),02/19/2025 TBA,Arkansas,,,,,,,,,,,,,,,,,,
Auburn (7-0),02/22/2025 TBA,Georgia,,,,,,,,,,,,,,,,,,
Auburn (7-0),02/26/2025 TBA,Ole Miss,,,,,,,,,,,,,,,,,,
Auburn (7-0),03/01/2025 TBA,@ Kentucky,,,,,,,,,,,,,,,,,,
Auburn (7-0),03/04/2025 TBA,@ Texas A&M,,,,,,,,,,,,,,,,,,
Auburn (7-0),03/08/2025 TBA,Alabama,,,,,,,,,,,,,,,,,,
Auburn (7-0),Totals,2200:00,352,689,114,300,156,204,974,126,306,432,206,98,74,72,193,2,2,MISSING
Auburn (7-0),Defensive Totals,2200:00,250,642,64,205,152,211,716,109,230,339,82,124,65,19,177,2,,MISSING
Iowa St. (5-1),11/04/2024,Mississippi Val.,W 83-44,200:00,28,59,5,21,22,29,83,11,27,38,16,12,16,6,12,
Iowa St. (5-1),11/11/2024,Kansas City,W 82-56,200:00,30,62,10,25,12,19,82,13,26,39,21,7,5,2,13,
Iowa St. (5-1),11/18/2024,IU Indy,W 87-52,200:00,31,62,7,25,18,24,87,11,29,40,19,9,8,4,10,
Iowa St. (5-1),11/25/2024,"Auburn
@Lahaina, HI (2024-25 MBB Maui Invitational)",L 81-83,200:00,25,53,7,18,24,29,81,5,22,27,12,9,9,,18,
Iowa St. (5-1),11/26/2024,"Dayton
@Lahaina, HI (2024-25 MBB Maui Invitational)",W 89-84,200:00,30,58,4,17,25,29,89,8,17,25,11,7,7,2,21,1
Iowa St. (5-1),11/27/2024,"Colorado
@Lahaina, HI (2024-25 MBB Maui Invitational)",W 99-71,200:00,35,58,11,25,18,23,99,7,24,31,18,10,13,,19,
Iowa St. (5-1),12/04/2024,Marquette,W 81-70,200:00,30,59,6,15,15,21,81,11,29,40,16,12,6,6,14,
Iowa St. (5-1),12/08/2024,Jackson St.,W 100-58,200:00,34,67,11,28,21,29,100,15,27,42,26,7,16,2,14,
Iowa St. (5-1),12/12/2024,@ Iowa,W 89-80,200:00,31,70,11,28,16,22,89,18,28,46,16,9,7,3,15,
Iowa St. (5-1),12/15/2024,Omaha,W 83-51,200:00,32,60,6,20,13,18,83,12,27,39,19,12,11,4,10,
Iowa St. (5-1),12/22/2024 01:00 PM,Morgan St.,,,,,,,,,,,,,,,,,,
Iowa St. (5-1),12/30/2024 09:00 PM,@ Colorado,,,,,,,,,,,,,,,,,,
Iowa St. (5-1),01/04/2025 02:00 PM,Baylor,,,,,,,,,,,,,,,,,,
Iowa St. (5-1),01/07/2025 08:00 PM,Utah,,,,,,,,,,,,,,,,,,
Iowa St. (5-1),01/11/2025 TBA,@ Texas Tech,,,,,,,,,,,,,,,,,,
Iowa St. (5-1),01/15/2025 07:00 PM,Kansas,,,,,,,,,,,,,,,,,,
Iowa St. (5-1),01/18/2025 TBA,@ West Virginia,,,,,,,,,,,,,,,,,,
Iowa St. (5-1),01/21/2025 08:00 PM,UCF,,,,,,,,,,,,,,,,,,
Iowa St. (5-1),01/25/2025 TBA,@ Arizona St.,,,,,,,,,,,,,,,,,,
Iowa St. (5-1),01/27/2025 10:30 PM,@ Arizona,,,,,,,,,,,,,,,,,,
Iowa St. (5-1),02/01/2025 02:00 PM,Kansas St.,,,,,,,,,,,,,,,,,,
Iowa St. (5-1),02/03/2025 TBA,@ Kansas,,,,,,,,,,,,,,,,,,
Iowa St. (5-1),02/08/2025 01:00 PM,TCU,,,,,,,,,,,,,,,,,,
Iowa St. (5-1),02/11/2025 TBA,@ UCF,,,,,,,,,,,,,,,,,,
Iowa St. (5-1),02/15/2025 04:00 PM,Cincinnati,,,,,,,,,,,,,,,,,,
Iowa St. (5-1),02/18/2025 08:00 PM,Colorado,,,,,,,,,,,,,,,,,,
Iowa St. (5-1),02/22/2025 02:00 PM,@ Houston,,,,,,,,,,,,,,,,,,
Iowa St. (5-1),02/25/2025 08:00 PM,@ Oklahoma St.,,,,,,,,,,,,,,,,,,
Iowa St. (5-1),03/01/2025 09:00 PM,Arizona,,,,,,,,,,,,,,,,,,
Iowa St. (5-1),03/04/2025 09:00 PM,BYU,,,,,,,,,,,,,,,,,,
Iowa St. (5-1),03/08/2025 01:30 PM,@ Kansas St.,,,,,,,,,,,,,,,,,,
Iowa St. (5-1),Totals,2000:00,306,608,78,222,184,243,874,111,256,367,174,94,98,29,146,1,1,MISSING
Iowa St. (5-1),Defensive Totals,2000:00,230,564,77,239,112,146,649,86,217,303,128,163,57,25,189,2,,MISSING
Oklahoma (5-0),11/04/2024,Lindenwood,W 93-60,198:32,34,65,14,34,11,17,93,11,32,43,23,12,9,4,16,1
Oklahoma (5-0),11/11/2024,Northwestern St.,W 73-57,200:00,25,58,6,21,17,22,73,10,22,32,10,9,16,1,14,1
Oklahoma (5-0),11/16/2024,Stetson,W 85-64,200:00,34,69,9,24,8,10,85,15,20,35,21,11,12,,12,0
Oklahoma (5-0),11/21/2024,East Texas A&M,W 84-56,200:00,28,59,10,32,18,22,84,9,29,38,16,10,10,1,15,
Oklahoma (5-0),11/27/2024,"Providence
@Paradise Island, Bahamas (2024-25 MBB Battle 4 Atlantis)",W 79-77,200:00,25,49,7,19,22,29,79,5,20,25,11,13,12,2,20,1
Oklahoma (5-0),11/28/2024,"Arizona
@Paradise Island, Bahamas (2024-25 MBB Battle 4 Atlantis)",W 82-77,200:00,25,58,12,29,20,21,82,15,23,38,17,17,7,4,18,
Oklahoma (5-0),11/29/2024,"Louisville
@Paradise Island, Bahamas (2024-25 MBB Battle 4 Atlantis)",W 69-64,200:00,21,44,8,17,19,25,69,4,19,23,14,10,9,1,17,
Oklahoma (5-0),12/03/2024,Georgia Tech,W 76-61,200:00,20,52,10,28,26,30,76,9,28,37,7,7,8,1,16,
Oklahoma (5-0),12/07/2024,Alcorn,W 94-78,200:00,35,64,12,37,12,14,94,10,21,31,24,12,12,1,14,
Oklahoma (5-0),12/14/2024,"Oklahoma St.
@Oklahoma CIty, OK",W 80-65,200:00,30,61,8,23,12,19,80,10,26,36,12,12,7,4,22,
Oklahoma (5-0),12/18/2024 09:00 PM,"Michigan
@Charlotte, NC (2024-25 MBB Jumpman Invitational )",,,,,,,,,,,,,,,,,,
Oklahoma (5-0),12/22/2024 01:00 PM,Central Ark.,,,,,,,,,,,,,,,,,,
Oklahoma (5-0),12/29/2024 02:00 PM,Prairie View,,,,,,,,,,,,,,,,,,
Oklahoma (5-0),01/04/2025 TBA,@ Alabama,,,,,,,,,,,,,,,,,,
Oklahoma (5-0),01/08/2025 09:00 PM,Texas A&M,,,,,,,,,,,,,,,,,,
Oklahoma (5-0),01/11/2025 06:00 PM,@ Georgia,,,,,,,,,,,,,,,,,,
Oklahoma (5-0),01/15/2025 10:00 PM,Texas,,,,,,,,,,,,,,,,,,
Oklahoma (5-0),01/18/2025 TBA,South Carolina,,,,,,,,,,,,,,,,,,
Oklahoma (5-0),01/25/2025 08:30 PM,@ Arkansas,,,,,,,,,,,,,,,,,,
Oklahoma (5-0),01/28/2025 TBA,@ Texas A&M,,,,,,,,,,,,,,,,,,
Oklahoma (5-0),02/01/2025 03:30 PM,Vanderbilt,,,,,,,,,,,,,,,,,,
Oklahoma (5-0),02/04/2025 TBA,@ Auburn,,,,,,,,,,,,,,,,,,
Oklahoma (5-0),02/08/2025 12:00 PM,Tennessee,,,,,,,,,,,,,,,,,,
Oklahoma (5-0),02/12/2025 09:00 PM,@ Missouri,,,,,,,,,,,,,,,,,,
Oklahoma (5-0),02/15/2025 06:00 PM,LSU,,,,,,,,,,,,,,,,,,
Oklahoma (5-0),02/18/2025 07:00 PM,@ Florida,,,,,,,,,,,,,,,,,,
Oklahoma (5-0),02/22/2025 01:00 PM,Mississippi St.,,,,,,,,,,,,,,,,,,
Oklahoma (5-0),02/26/2025 09:00 PM,Kentucky,,,,,,,,,,,,,,,,,,
Oklahoma (5-0),03/01/2025 02:00 PM,@ Ole Miss,,,,,,,,,,,,,,,,,,
Oklahoma (5-0),03/05/2025 08:00 PM,Missouri,,,,,,,,,,,,,,,,,,
Oklahoma (5-0),03/08/2025 08:00 PM,@ Texas,,,,,,,,,,,,,,,,,,
Oklahoma (5-0),Totals,1998:32,277,579,96,264,165,209,815,98,240,338,155,113,102,19,164,3,1,MISSING
Oklahoma (5-0),Defensive Totals,2000:00,240,568,68,238,111,164,659,112,223,335,105,155,67,29,175,4,1,MISSING
Tennessee (7-0),11/04/2024,Gardner-Webb,W 80-64,200:00/,28,55,8,23,16,21,80,8,21,29,16,11,9,2,15,
Tennessee (7-0),11/09/2024,@ Louisville,W 77-55,200:00,30,53,10,19,7,11,77,12,28,40,12,20/,8,4,18,
Tennessee (7-0),11/13/2024,Montana,W 92-57,200:00/,31,51,9,21,21,25,92,7,31,38,24,13,6,6,16,
Tennessee (7-0),11/17/2024,Austin Peay,W 103-68,200:00,37,58,5,14,24,33,103,13,30,43,22,11,10,10,17,
Tennessee (7-0),11/21/2024,"Virginia
@Nassau, Bahamas (2024-25 MBB Baha Mar Championship)",W 64-42,200:00,25,66,9,25,5,10,64,18,25,43,11,7,8,7,12,
Tennessee (7-0),11/22/2024,"Baylor
@Nassau, Bahamas (2024-25 MBB Baha Mar Championship)",W 77-62,200:00,24,46,12,27,17,22,77,9,19,28,18,15,8,4,14,
Tennessee (7-0),11/27/2024,UT Martin,W 78-35,200:00,30,63,10,37,8,10,78,20,29,49,22,11,6,9,8,
Tennessee (7-0),12/03/2024,Syracuse,W 96-70,200:00,35,65,10,29,16,24,96,13,27,40,16,8,9,3,18,1
Tennessee (7-0),12/10/2024,"Miami (FL)
@New York, NY (2024-25 MBB Jimmy V Classic)",W 75-62,200:00,25,52,10,25,15,18,75,5,30,35,16,11,5,5,10,
Tennessee (7-0),12/14/2024,@ Illinois,W 66-64,200:00,20,62,6,24,20,28,66,17,25,42,6,6,7,4,24,2
Tennessee (7-0),12/17/2024,Western Caro.,W 84-36,200:00,32,69,8,27,12,14,84,14,34,48,22,10,17,6,8,
Tennessee (7-0),12/23/2024 07:00 PM,Middle Tenn.,,,,,,,,,,,,,,,,,,
Tennessee (7-0),12/31/2024 03:00 PM,Norfolk St.,,,,,,,,,,,,,,,,,,
Tennessee (7-0),01/04/2025 01:00 PM,Arkansas,,,,,,,,,,,,,,,,,,
Tennessee (7-0),01/07/2025 07:00 PM,@ Florida,,,,,,,,,,,,,,,,,,
Tennessee (7-0),01/11/2025 06:00 PM,@ Texas,,,,,,,,,,,,,,,,,,
Tennessee (7-0),01/15/2025 08:00 PM,Georgia,,,,,,,,,,,,,,,,,,
Tennessee (7-0),01/18/2025 03:30 PM,@ Vanderbilt,,,,,,,,,,,,,,,,,,
Tennessee (7-0),01/21/2025 07:00 PM,Mississippi St.,,,,,,,,,,,,,,,,,,
Tennessee (7-0),01/25/2025 TBA,@ Auburn,,,,,,,,,,,,,,,,,,
Tennessee (7-0),01/28/2025 07:00 PM,Kentucky,,,,,,,,,,,,,,,,,,
Tennessee (7-0),02/01/2025 12:00 PM,Florida,,,,,,,,,,,,,,,,,,
Tennessee (7-0),02/05/2025 07:00 PM,Missouri,,,,,,,,,,,,,,,,,,
Tennessee (7-0),02/08/2025 12:00 PM,@ Oklahoma,,,,,,,,,,,,,,,,,,
Tennessee (7-0),02/11/2025 07:00 PM,@ Kentucky,,,,,,,,,,,,,,,,,,
Tennessee (7-0),02/15/2025 01:00 PM,Vanderbilt,,,,,,,,,,,,,,,,,,
Tennessee (7-0),02/22/2025 TBA,@ Texas A&M,,,,,,,,,,,,,,,,,,
Tennessee (7-0),02/25/2025 09:00 PM,@ LSU,,,,,,,,,,,,,,,,,,
Tennessee (7-0),03/01/2025 01:00 PM,Alabama,,,,,,,,,,,,,,,,,,
Tennessee (7-0),03/05/2025 09:00 PM,@ Ole Miss,,,,,,,,,,,,,,,,,,
Tennessee (7-0),03/08/2025 02:00 PM,South Carolina,,,,,,,,,,,,,,,,,,
Tennessee (7-0),Totals,2200:00,317,640,97,271,161,216,892,136,299,435,185,123,93,60,160,3,2,MISSING
Tennessee (7-0),Defensive Totals,2200:00,210,619,75,307,120,161,615,116,204,320,99,161,66,21,186,3,2,MISSING
Marquette (7-0),11/04/2024,Stony Brook,W 102-62,200:00,40,68,9,31,13,17,102/,13,30,43,22,7,10,2,16,
Marquette (7-0),11/08/2024,George Mason,W 82-63,200:00,26,67,11,35,19,26,82,14,27,41,16,9,13,7,15,
Marquette (7-0),11/11/2024,Central Mich.,W 70-62,200:00,20,55,10,36,20,25,70,6,21,27,16,12,19/,6,21,1
Marquette (7-0),11/15/2024,@ Maryland,W 78-74,200:00,26,58,8,23,18,24,78,10,20,30,10,8,7,,18,
Marquette (7-0),11/19/2024,Purdue,W 76-58,200:00,27,60,8,25,14,15,76,6,27,33,13,6,11,5,17,
Marquette (7-0),11/23/2024,"Georgia
@Paradise Island, Bahamas",W 80-69,200:00,29,58,11,27,11,15,80,8,23,31,13,13,13,2,18,
Marquette (7-0),11/27/2024,Stonehill,W 94-59,200:00,37,61,10,21,10,17,94,12,20,32,15,10,11,2,7,
Marquette (7-0),11/30/2024,Western Caro.,W 94-62,200:00,37,72,14,40,6,10,94,9,29,38,21,13,15,5,16,
Marquette (7-0),12/04/2024,@ Iowa St.,L 70-81,200:00,27,70,11,31,5,10,70,16,21,37,15,11,4,5,19,
Marquette (7-0),12/07/2024,Wisconsin,W 88-74,200:00,31,62,8,26,18,21,88,11,19,30,17,5,9,3,17,
Marquette (7-0),12/14/2024,@ Dayton,L 63-71,200:00,22,54,9,29,10,15,63,11,20,31,8,13,2,4,17,
Marquette (7-0),12/18/2024 09:00 PM,Butler,,,,,,,,,,,,,,,,,,
Marquette (7-0),12/21/2024 12:00 PM,@ Xavier,,,,,,,,,,,,,,,,,,
Marquette (7-0),12/31/2024 TBA,@ Providence,,,,,,,,,,,,,,,,,,
Marquette (7-0),01/03/2025 TBA,Creighton,,,,,,,,,,,,,,,,,,
Marquette (7-0),01/07/2025 TBA,Georgetown,,,,,,,,,,,,,,,,,,
Marquette (7-0),01/14/2025 TBA,@ DePaul,,,,,,,,,,,,,,,,,,
Marquette (7-0),01/18/2025 TBA,Xavier,,,,,,,,,,,,,,,,,,
Marquette (7-0),01/21/2025 TBA,@ Seton Hall,,,,,,,,,,,,,,,,,,
Marquette (7-0),01/24/2025 06:00 PM,Villanova,,,,,,,,,,,,,,,,,,
Marquette (7-0),01/28/2025 08:30 PM,@ Butler,,,,,,,,,,,,,,,,,,
Marquette (7-0),02/01/2025 TBA,UConn,,,,,,,,,,,,,,,,,,
Marquette (7-0),02/04/2025 TBA,@ St. John's (NY),,,,,,,,,,,,,,,,,,
Marquette (7-0),02/08/2025 02:00 PM,@ Creighton,,,,,,,,,,,,,,,,,,
Marquette (7-0),02/11/2025 TBA,DePaul,,,,,,,,,,,,,,,,,,
Marquette (7-0),02/18/2025 TBA,Seton Hall,,,,,,,,,,,,,,,,,,
Marquette (7-0),02/21/2025 07:00 PM,@ Villanova,,,,,,,,,,,,,,,,,,
Marquette (7-0),02/25/2025 TBA,Providence,,,,,,,,,,,,,,,,,,
Marquette (7-0),03/01/2025 08:00 PM,@ Georgetown,,,,,,,,,,,,,,,,,,
Marquette (7-0),03/04/2025 TBA,@ UConn,,,,,,,,,,,,,,,,,,
Marquette (7-0),03/08/2025 TBA,St. John's (NY),,,,,,,,,,,,,,,,,,
Marquette (7-0),Totals,2200:00,322,685,109,324,144,195,897,116,257,373,166,107,114,41,181,1,1,MISSING
Marquette (7-0),Defensive Totals,2200:00,268,615,76,247,123,176,735,110,268,378,167,179,63,21,168,3,1,MISSING
Cincinnati (6-0),11/04/2024,Ark.-Pine Bluff,W 109-54,200:00,42/,72,12,24,13,23,109,17,31,48,27,9,10,7,12,
Cincinnati (6-0),11/08/2024,Morehead St.,W 83-56,200:00,33,55,6,16,11,15,83,5,25,30,18,4,3,5,14,
Cincinnati (6-0),11/15/2024,Nicholls,W 86-49,200:00,33,61,11,27,9,14,86,15,31,46,18,12,6,14/,6,
Cincinnati (6-0),11/19/2024,@ Northern Ky.,W 76-60,200:00,31,58,11,22,3,6,76,6,21,27,19,10,10,6,10,
Cincinnati (6-0),11/23/2024,@ Georgia Tech,W 81-58,200:00,32,62,9,22,8,12,81,9,27,36,16,12,4,5,20,1
Cincinnati (6-0),11/27/2024,Alabama St.,W 77-59,200:00,31,69,10,31,5,12,77,15,37,52,16,10,6,5,10,
Cincinnati (6-0),12/03/2024,@ Villanova,L 60-68,200:00,23,60,8,26,6,11,60,13,20,33,10,6,6,,15,
Cincinnati (6-0),12/08/2024,Howard,W 84-67,200:00,34,64,8,23,8,13,84,14,23,37,19,13,9,2,12,
Cincinnati (6-0),12/14/2024,Xavier,W 68-65,167:21,22,58,5,20,19,26,68,12,24,36,13,10,9,4,16,
Cincinnati (6-0),,Defensive Totals,,166:43,22,58,6,19,15,17,65,9,28,37,13,14,7,,20,
Cincinnati (6-0),12/20/2024 08:30 PM,"Dayton
@Cincinnati, OH",,,,,,,,,,,,,,,,,,
Cincinnati (6-0),12/22/2024 02:00 PM,Grambling,,,,,,,,,,,,,,,,,,
Cincinnati (6-0),12/30/2024 07:00 PM,@ Kansas St.,,,,,,,,,,,,,,,,,,
Cincinnati (6-0),01/04/2025 02:30 PM,Arizona,,,,,,,,,,,,,,,,,,
Cincinnati (6-0),01/07/2025 TBA,@ Baylor,,,,,,,,,,,,,,,,,,
Cincinnati (6-0),01/11/2025 02:00 PM,Kansas,,,,,,,,,,,,,,,,,,
Cincinnati (6-0),01/15/2025 09:00 PM,@ Colorado,,,,,,,,,,,,,,,,,,
Cincinnati (6-0),01/18/2025 02:00 PM,Arizona St.,,,,,,,,,,,,,,,,,,
Cincinnati (6-0),01/21/2025 07:00 PM,Texas Tech,,,,,,,,,,,,,,,,,,
Cincinnati (6-0),01/25/2025 10:00 PM,@ BYU,,,,,,,,,,,,,,,,,,
Cincinnati (6-0),01/28/2025 TBA,@ Utah,,,,,,,,,,,,,,,,,,
Cincinnati (6-0),02/02/2025 02:00 PM,West Virginia,,,,,,,,,,,,,,,,,,
Cincinnati (6-0),02/05/2025 TBA,@ UCF,,,,,,,,,,,,,,,,,,
Cincinnati (6-0),02/08/2025 06:00 PM,BYU,,,,,,,,,,,,,,,,,,
Cincinnati (6-0),02/11/2025 07:00 PM,Utah,,,,,,,,,,,,,,,,,,
Cincinnati (6-0),02/15/2025 04:00 PM,@ Iowa St.,,,,,,,,,,,,,,,,,,
Cincinnati (6-0),02/19/2025 TBA,@ West Virginia,,,,,,,,,,,,,,,,,,
Cincinnati (6-0),02/22/2025 12:00 PM,TCU,,,,,,,,,,,,,,,,,,
Cincinnati (6-0),02/25/2025 07:00 PM,Baylor,,,,,,,,,,,,,,,,,,
Cincinnati (6-0),03/01/2025 04:30 PM,@ Houston,,,,,,,,,,,,,,,,,,
Cincinnati (6-0),03/05/2025 07:00 PM,Kansas St.,,,,,,,,,,,,,,,,,,
Cincinnati (6-0),03/08/2025 03:00 PM,@ Oklahoma St.,,,,,,,,,,,,,,,,,,
Cincinnati (6-0),Totals,1767:21,281,559,80,211,82,132,724,106,239,345,156,86,63,48,115,1,,MISSING
Cincinnati (6-0),Defensive Totals,1766:43,199,529,49,172,89,124,536,92,187,279,95,111,50,19,131,3,,MISSING
Florida (10-0),11/04/2024,"South Fla.
@Jacksonville, FL (2024-25 MBB Jacksonville Sports Foundation Invitational)",W 98-83,200:00,33,63,5,26,27,33,98,11,26,37,12,10,8,5,16,
Florida (10-0),11/07/2024,Jacksonville,W 81-60,200:00,30,57,7,24,14,25,81,12,23,35,19,10,10,10,7,
Florida (10-0),11/11/2024,Grambling,W 86-62,200:00,29,64,7,23,21,26,86,17,28,45,13,12,11,5,18,
Florida (10-0),11/15/2024,@ Florida St.,W 87-74,200:00,32,61,10,28,13,17,87,13,34,47,12,19,2,4,21,
Florida (10-0),11/19/2024,Florida A&M,W 84-60,200:00,28,68,10,34,18,26,84,19,28,47,17,7,11,5,17,
Florida (10-0),11/22/2024,Southern Ill.,W 93-68,200:00,35,75,16,39,7,14,93,16,30,46,25,6,7,9,14,
Florida (10-0),11/28/2024,"Wake Forest
@Kissimmee, FL (2024-25 MBB ESPN Events Invitational)",W 75-58,200:00,23,58,8,27,21,27,75,15,29,44,8,11,10,1,17,
Florida (10-0),11/29/2024,"Wichita St.
@Kissimmee, FL (2024-25 MBB ESPN Events Invitational)",W 88-51,200:00,35,78,14,33,4,5,88,20,36,56,20,8,6,8,16,
Florida (10-0),12/04/2024,Virginia,W 87-69,200:00,31,60,10,25,15,21,87,11,19,30,14,6,9,3,12,
Florida (10-0),12/14/2024,"Arizona St.
@Atlanta, GA (2024-25 MBB Holiday Hoopsgiving)",W 83-66,200:00,32,67,10,30,9,10,83,12,35,47,17,14,7,5,19,
Florida (10-0),12/17/2024,"North Carolina
@Charlotte, NC (2024-25 MBB Jumpman Invitational )",W 90-84,200:00,30,65,11,32,19,27,90,16,30,46,14,17,7,3,20,
Florida (10-0),12/21/2024 12:00 PM,North Florida,,,,,,,,,,,,,,,,,,
Florida (10-0),12/29/2024 01:00 PM,Stetson,,,,,,,,,,,,,,,,,,
Florida (10-0),01/04/2025 11:00 AM,@ Kentucky,,,,,,,,,,,,,,,,,,
Florida (10-0),01/07/2025 07:00 PM,Tennessee,,,,,,,,,,,,,,,,,,
Florida (10-0),01/11/2025 04:00 PM,@ Arkansas,,,,,,,,,,,,,,,,,,
Florida (10-0),01/14/2025 09:00 PM,Missouri,,,,,,,,,,,,,,,,,,
Florida (10-0),01/18/2025 TBA,Texas,,,,,,,,,,,,,,,,,,
Florida (10-0),01/22/2025 07:00 PM,@ South Carolina,,,,,,,,,,,,,,,,,,
Florida (10-0),01/25/2025 03:30 PM,Georgia,,,,,,,,,,,,,,,,,,
Florida (10-0),02/01/2025 12:00 PM,@ Tennessee,,,,,,,,,,,,,,,,,,
Florida (10-0),02/04/2025 07:00 PM,Vanderbilt,,,,,,,,,,,,,,,,,,
Florida (10-0),02/08/2025 TBA,@ Auburn,,,,,,,,,,,,,,,,,,
Florida (10-0),02/11/2025 07:00 PM,@ Mississippi St.,,,,,,,,,,,,,,,,,,
Florida (10-0),02/15/2025 08:30 PM,South Carolina,,,,,,,,,,,,,,,,,,
Florida (10-0),02/18/2025 07:00 PM,Oklahoma,,,,,,,,,,,,,,,,,,
Florida (10-0),02/22/2025 06:00 PM,@ LSU,,,,,,,,,,,,,,,,,,
Florida (10-0),02/25/2025 07:00 PM,@ Georgia,,,,,,,,,,,,,,,,,,
Florida (10-0),03/01/2025 08:30 PM,Texas A&M,,,,,,,,,,,,,,,,,,
Florida (10-0),03/05/2025 TBA,@ Alabama,,,,,,,,,,,,,,,,,,
Florida (10-0),03/08/2025 06:00 PM,Ole Miss,,,,,,,,,,,,,,,,,,
Florida (10-0),Totals,2200:00,338,716,108,321,168,231,952,162,318,480,171,120,88,58,177,,,MISSING
Florida (10-0),Defensive Totals,2200:00,267,684,67,235,134,182,735,127,240,367,106,147,67,32,194,2,,MISSING
UCLA (9-1),11/04/2024,Rider,W 85-50,200:00,34,65,10,29,7,12,85,15,30,45,21,9,6,9,13,
UCLA (9-1),11/08/2024,"New Mexico
@Henderson, NV (2024-25 MBB Las Vegas Hoopfest)",L 64-72,200:00,20,55,5,23,19,27,64,14,20,34,13,21,12,3,24,
UCLA (9-1),11/11/2024,Boston U.,W 71-40,200:00,24,60,5,22,18,21,71,11,25,36,14,15,14,2,15,
UCLA (9-1),11/15/2024,Lehigh,W 85-45,200:00,31,56,3,13,20,26,85,11,36,47,14,8,5,,19,
UCLA (9-1),11/20/2024,Idaho St.,W 84-70,200:00,27,47,9,14,21,26,84,8,17,25,16,11,7,,18,
UCLA (9-1),11/22/2024,Cal St. Fullerton,W 80-47,200:00,30,60,6,18,14,23,80,12,24,36,22,7,14,4,14,
UCLA (9-1),11/26/2024,Southern Utah,W 88-43,200:00,38,80/,6,20,6,9,88,20,21,41,21,8,15,4,20,
UCLA (9-1),12/03/2024,Washington,W 69-58,200:00,25,60,8,21,11,22,69,12,23,35,16,8,6,3,17,
UCLA (9-1),12/08/2024,@ Oregon,W 73-71,200:00,28,62,12,23,5,7,73,6,17,23,10,9,7,1,15,
UCLA (9-1),12/14/2024,"Arizona
@Phoenix, AZ",W 57-54,200:00,23,51,4,21,7,16,57,8,16,24,10,14,10,1,16,
UCLA (9-1),12/17/2024,Prairie View,W 111-75,200:00,36,61,10,21,29,37,111,12,27,39,26,10,6,4,20,1
UCLA (9-1),12/21/2024 03:00 PM,"North Carolina
@New York, NY (2024-25 MBB CBS Sports Classic)",,,,,,,,,,,,,,,,,,
UCLA (9-1),12/28/2024 08:00 PM,"Gonzaga
@Inglewood, CA (2024-25 MBB West Coast Hoops Showdown)",,,,,,,,,,,,,,,,,,
UCLA (9-1),01/04/2025 02:00 PM,@ Nebraska,,,,,,,,,,,,,,,,,,
UCLA (9-1),01/07/2025 10:00 PM,Michigan,,,,,,,,,,,,,,,,,,
UCLA (9-1),01/10/2025 08:00 PM,@ Maryland,,,,,,,,,,,,,,,,,,
UCLA (9-1),01/13/2025 TBA,@ Rutgers,,,,,,,,,,,,,,,,,,
UCLA (9-1),01/17/2025 09:00 PM,Iowa,,,,,,,,,,,,,,,,,,
UCLA (9-1),01/21/2025 09:30 PM,Wisconsin,,,,,,,,,,,,,,,,,,
UCLA (9-1),01/24/2025 11:00 PM,@ Washington,,,,,,,,,,,,,,,,,,
UCLA (9-1),01/27/2025 TBA,@ Southern California,,,,,,,,,,,,,,,,,,
UCLA (9-1),01/30/2025 10:30 PM,Oregon,,,,,,,,,,,,,,,,,,
UCLA (9-1),02/04/2025 10:00 PM,Michigan St.,,,,,,,,,,,,,,,,,,
UCLA (9-1),02/08/2025 04:00 PM,Penn St.,,,,,,,,,,,,,,,,,,
UCLA (9-1),02/11/2025 08:00 PM,@ Illinois,,,,,,,,,,,,,,,,,,
UCLA (9-1),02/14/2025 TBA,@ Indiana,,,,,,,,,,,,,,,,,,
UCLA (9-1),02/18/2025 10:30 PM,Minnesota,,,,,,,,,,,,,,,,,,
UCLA (9-1),02/23/2025 03:45 PM,Ohio St.,,,,,,,,,,,,,,,,,,
UCLA (9-1),02/28/2025 TBA,@ Purdue,,,,,,,,,,,,,,,,,,
UCLA (9-1),03/03/2025 TBA,@ Northwestern,,,,,,,,,,,,,,,,,,
UCLA (9-1),03/08/2025 TBA,Southern California,,,,,,,,,,,,,,,,,,
UCLA (9-1),Totals,2200:00,316,657,78,225,157,226,867,129,256,385,183,120,102,31,191,1,1,MISSING
UCLA (9-1),Defensive Totals,2200:00,215,552,67,230,128,183,625,100,237,337,128,203,70,22,210,4,1,MISSING
Kentucky (10-1),11/04/2024,Wright St.,W 103-62,200:00,39,65,11,24,14,19,103,7,34,41,30,7,11,4,14,
Kentucky (10-1),11/09/2024,Bucknell,W 100-72,200:00,38,79/,13,36,11,16,100,22,35,57/,23,15,9,6,13,
Kentucky (10-1),11/12/2024,"Duke
@Atlanta, GA (2024-25 MBB Champions Classic)",W 77-72,200:00,25,63,10,25,17,24,77,10,33,43,17,11,4,8,18,
Kentucky (10-1),11/19/2024,Lipscomb,W 97-68,200:00,34,62,12,25,17,21,97,9,34,43,10,8,3,6,14,
Kentucky (10-1),11/22/2024,Jackson St.,W 108-59,200:00,41,71,17,39,9,10,108,4,37,41,29,10,13,9,11,
Kentucky (10-1),11/26/2024,Western Ky.,W 87-68,200:00,25,62,8,29,29,42,87,16,38,54,16,11,5,7,20,
Kentucky (10-1),11/29/2024,Georgia St.,W 105-76,200:00,40,67,7,26,18,22,105,7,29,36,23,9,10,2,20,
Kentucky (10-1),12/03/2024,@ Clemson,L 66-70,200:00,24,63,7,27,11,18,66,15,29,44,11,12,6,6,20,
Kentucky (10-1),12/07/2024,"Gonzaga
@Seattle, WA",W 90-89 (1 OT),225:00,34,75,7,25,15,18,90,16,27,43,17,7,1,4,21,
Kentucky (10-1),12/11/2024,Colgate,W 78-67,200:00,30,70,10,31,8,13,78,16,30,46,15,6,6,4,6,
Kentucky (10-1),12/14/2024,Louisville,W 93-85,200:00,32,55,11,21,18,28,93,7,34,41,23,11,6,2,18,
Kentucky (10-1),12/21/2024 05:30 PM,"Ohio St.
@New York, NY (2024-25 MBB CBS Sports Classic)",,,,,,,,,,,,,,,,,,
Kentucky (10-1),12/31/2024 02:00 PM,Brown,,,,,,,,,,,,,,,,,,
Kentucky (10-1),01/04/2025 11:00 AM,Florida,,,,,,,,,,,,,,,,,,
Kentucky (10-1),01/07/2025 07:00 PM,@ Georgia,,,,,,,,,,,,,,,,,,
Kentucky (10-1),01/11/2025 08:30 PM,@ Mississippi St.,,,,,,,,,,,,,,,,,,
Kentucky (10-1),01/14/2025 07:00 PM,Texas A&M,,,,,,,,,,,,,,,,,,
Kentucky (10-1),01/18/2025 12:00 PM,Alabama,,,,,,,,,,,,,,,,,,
Kentucky (10-1),01/25/2025 02:30 PM,@ Vanderbilt,,,,,,,,,,,,,,,,,,
Kentucky (10-1),01/28/2025 07:00 PM,@ Tennessee,,,,,,,,,,,,,,,,,,
Kentucky (10-1),02/01/2025 09:00 PM,Arkansas,,,,,,,,,,,,,,,,,,
Kentucky (10-1),02/04/2025 07:00 PM,@ Ole Miss,,,,,,,,,,,,,,,,,,
Kentucky (10-1),02/08/2025 12:00 PM,South Carolina,,,,,,,,,,,,,,,,,,
Kentucky (10-1),02/11/2025 07:00 PM,Tennessee,,,,,,,,,,,,,,,,,,
Kentucky (10-1),02/15/2025 08:00 PM,@ Texas,,,,,,,,,,,,,,,,,,
Kentucky (10-1),02/19/2025 07:00 PM,Vanderbilt,,,,,,,,,,,,,,,,,,
Kentucky (10-1),02/22/2025 TBA,@ Alabama,,,,,,,,,,,,,,,,,,
Kentucky (10-1),02/26/2025 09:00 PM,@ Oklahoma,,,,,,,,,,,,,,,,,,
Kentucky (10-1),03/01/2025 TBA,Auburn,,,,,,,,,,,,,,,,,,
Kentucky (10-1),03/04/2025 TBA,LSU,,,,,,,,,,,,,,,,,,
Kentucky (10-1),03/08/2025 12:00 PM,@ Missouri,,,,,,,,,,,,,,,,,,
Kentucky (10-1),Totals,2225:00,362,732,113,308,167,231,"1,004",129,360,489,214,107,74,58,175,,4,MISSING
Kentucky (10-1),Defensive Totals,2225:00,292,742,84,305,120,174,788,119,280,399,131,114,56,27,183,5,3,MISSING
